{"cameraMode":{"drawMode":0,"name":"Shaded","section":"Shading Mode"},"sceneLighting":false,"audioPlay":false,"sceneViewState":{"showFog":true,"showMaterialUpdate":false,"showSkybox":false,"showFlares":true,"showImageEffects":true,"showParticleSystems":true},"in2DMode":false,"pivot":{"x":-323.58197021484377,"y":73.42333984375,"z":-76.91810607910156},"rotation":{"x":-0.28860893845558169,"y":0.014932735823094845,"z":-0.004501595627516508,"w":-0.9573224186897278},"size":4.666904449462891,"orthographic":false}