{"cameraMode":{"drawMode":0,"name":"Shaded","section":"Shading Mode"},"sceneLighting":true,"audioPlay":false,"sceneViewState":{"showFog":true,"showMaterialUpdate":false,"showSkybox":true,"showFlares":true,"showImageEffects":true,"showParticleSystems":true},"in2DMode":false,"pivot":{"x":8.661821365356446,"y":0.8951544761657715,"z":109.11431121826172},"rotation":{"x":0.1333095133304596,"y":0.038637030869722369,"z":-0.005200935527682304,"w":0.9903084635734558},"size":40.010372161865237,"orthographic":false}